Name,Symbol,Price,Market Cap,Volume,24h Change,Category
Bitcoin,btc,109348,2174789952355,15143030995,1.06532,Others
Ethereum,eth,2588.76,312591265710,9637377637,2.76862,Others
Tether,usdt,1,158637865418,32619211078,-0.01007,Others
XRP,xrp,2.28,134388596122,2098051233,2.65744,Others
BNB,bnb,663.64,96814670651,417753593,1.20183,Others
Solana,sol,152.8,81746780836,2922737442,3.54218,Others
USDC,usdc,0.999859,62220142722,4189324402,-0.00428,Others
TRON,trx,0.286305,27135180747,294238266,1.00095,Others
Dogecoin,doge,0.172842,25910221078,1228321507,5.11283,Others
Lido Staked Ether,steth,2587.22,23542046375,7356586,2.69333,Others
Cardano,ada,0.590042,21321549454,348139541,2.53185,Others
Wrapped Bitcoin,wbtc,109206,14071749928,112377017,0.96054,Others
Hyperliquid,hype,39.95,13330404754,152755968,2.31003,Others
Wrapped stETH,wsteth,3133.58,10598735234,18546243,3.08113,Others
Sui,sui,2.94,10147420537,498328321,1.39711,Others
Bitcoin Cash,bch,495.02,9847753774,179450454,1.45171,Others
Chainlink,link,13.62,9234148857,214436864,2.8074,Others
LEO Token,leo,9.03,8335005303,1730018,-0.07333,Others
Avalanche,avax,18.5,7808360691,182027927,3.29878,Others
Stellar,xlm,0.250439,7744382479,166192440,5.33749,Others
USDS,usds,0.999895,7390873484,3133531,0.00854,Others
Toncoin,ton,2.84,6999701366,672973184,2.86504,Others
Wrapped eETH,weeth,2772.57,6990674806,1714731,2.72168,Others
Shiba Inu,shib,0.00001185,6983318604,125392011,3.3638,Others
Hedera,hbar,0.16054,6805663190,130123926,3.79763,Others
WETH,weth,2588.28,6793306048,44762942,2.70678,Others
Litecoin,ltc,87.85,6679434080,241292993,0.37862,Others
WhiteBIT Coin,wbt,45.01,6496793822,35129368,-0.57662,Others
Binance Bridged USDT (BNB Smart Chain),bsc-usd,1,6290996435,4617944882,0.00909,Others
Monero,xmr,321.36,5929806076,69654461,1.93593,Others
Coinbase Wrapped BTC,cbbtc,109321,5410066051,164641310,1.0397,Others
Ethena USDe,usde,0.999897,5302522761,99678808,-0.08421,Others
Bitget Token,bgb,4.48,5250883440,33122690,2.38933,Others
Polkadot,dot,3.43,5216983263,145692357,2.16478,Others
Uniswap,uni,7.49,4502747287,466747787,4.33746,Others
Aave,aave,289.18,4389128381,339558674,5.16006,Others
Pepe,pepe,0.0000102,4298379498,647420690,5.17163,Others
Dai,dai,0.999803,3642610635,35933134,0.00258,Others
Pi Network,pi,0.471679,3612134775,90522386,2.21781,Others
Ethena Staked USDe,susde,1.18,3137979450,11753443,-0.00045,Others
Bittensor,tao,329.64,2956496303,51496722,2.28563,Others
OKB,okb,48.86,2931571794,6024486,0.27516,Others
Aptos,apt,4.51,2908816537,135032417,1.93075,Others
BlackRock USD Institutional Digital Liquidity Fund,buidl,1,2833937573,0,0,Others
Jito Staked SOL,jitosol,185.56,2721583115,26242301,3.46202,Others
NEAR Protocol,near,2.21,2717883416,110548857,2.8821,Others
Internet Computer,icp,4.88,2609460630,32694532,2.2969,Others
Ethereum Classic,etc,16.79,2562138493,27528788,2.87807,Others
Cronos,cro,0.081426,2534244644,10335033,0.74991,Others
Ondo,ondo,0.801024,2530677844,79959094,2.41318,Others
sUSDS,susds,1.058,2360766612,3133130,0.00738,Others
USD1,usd1,1,2204659616,251805963,-0.04622,Others
Kaspa,kas,0.077955,2054854629,47905611,3.95333,Others
Mantle,mnt,0.572645,1927895458,141634570,1.5664,Others
Fasttoken,ftn,4.43,1909297523,56481154,-0.16462,Others
Cosmos Hub,atom,4.11,1881819375,52369935,2.6436,Others
Gate,gt,15.43,1842611992,3596600,0.81335,Others
VeChain,vet,0.02105735,1810788058,22346083,1.74454,Others
Artificial Superintelligence Alliance,fet,0.689378,1797772944,95246874,4.44018,Others
Bonk,bonk,0.00002243,1742202276,1586049615,21.28324,Others
Official Trump,trump,8.69,1738561204,121572907,1.61141,Others
Sky,sky,0.079774,1698016098,7272755,3.82147,Others
Render,render,3.26,1686882178,47251340,2.67888,Others
Ethena,ena,0.264888,1684040896,95171732,3.77477,Others
Arbitrum,arb,0.336808,1671829073,141924905,2.7168,Others
Lombard Staked BTC,lbtc,109422,1668808348,3933605,1.3695,Others
POL (ex-MATIC),pol,0.18514,1666271508,41029929,1.32576,Others
Quant,qnt,108.84,1583057256,13682570,1.72894,Others
Filecoin,fil,2.31,1571729260,89090064,2.49311,Others
Binance-Peg WETH,weth,2590.77,1567870064,46838957,2.8314,Others
Algorand,algo,0.17819,1539109636,30384142,1.7357,Others
Jupiter Perpetuals Liquidity Provider Token,jlp,4.52,1533807925,24320133,1.60906,Others
Worldcoin,wld,0.903287,1532699551,92563033,4.13475,Others
Sei,sei,0.266426,1480499805,97196241,1.56458,Others
First Digital USD,fdusd,0.997889,1469120150,2581399600,-0.02602,Others
USDtb,usdtb,0.99965,1458652349,1127569,-0.02046,Others
Tokenize Xchange,tkx,17.95,1435559063,4191917,-12.49154,Others
Binance Staked SOL,bnsol,161.99,1422349980,1440476,3.48419,Others
KuCoin,kcs,11.07,1410505454,687189,0.36783,Others
USDT0,usdt0,1.001,1363138034,135331900,0.06058,Others
Jupiter,jup,0.449773,1352784973,48186835,3.33153,Others
NEXO,nexo,1.24,1242077825,11172160,0.08039,Others
Kelp DAO Restaked ETH,rseth,2712.89,1241460524,575078,2.67322,Others
SPX6900,spx,1.33,1237019738,44562409,7.60268,Others
Rocket Pool ETH,reth,2950.11,1219270978,1321570,2.75051,Others
Fartcoin,fartcoin,1.21,1208250688,115224370,2.49107,Others
Celestia,tia,1.65,1154233316,99187748,10.59015,Others
Flare,flr,0.01659291,1152989712,5384708,-0.03607,Others
Injective,inj,10.8,1056833075,97926297,2.17184,Others
Polygon Bridged USDT (Polygon),usdt,0.999991,1056819133,7148570,-0.01283,Others
Virtuals Protocol,virtual,1.58,1036794279,128765151,2.43474,Others
XDC Network,xdc,0.063035,1022616571,23750810,1.06879,Others
Stacks,stx,0.663676,1017484368,18222217,2.94505,Others
Sonic,s,0.314407,1013213713,41538487,1.81369,Others
Pudgy Penguins,pengu,0.01598342,1004630161,199697178,1.65484,Others
Binance Bridged USDC (BNB Smart Chain),usdc,1,999564733,330264584,0.04009,Others
Mantle Staked Ether,meth,2770.68,983826443,897379,3,Others
StakeWise Staked ETH,oseth,2718.09,972267231,3082.49,2.66312,Others
Optimism,op,0.550536,964726664,124930864,3.6547,Others
SyrupUSDC,syrupusdc,1.11,947332931,5237951,0.0135,Others
PAX Gold,paxg,3340.17,933404718,22085093,-0.11741,Others
Solv Protocol BTC,solvbtc,109131,925853181,503952,0.97755,Others
Arbitrum Bridged WBTC (Arbitrum One),wbtc,109255,907389684,59286423,1.07238,Others
Kaia,kaia,0.152917,896960009,19749308,0.63653,Others
dogwifhat,wif,0.896317,896013925,355447478,7.15661,Others
Story,ip,3.11,886292450,21370362,8.30264,Others
Wrapped BNB,wbnb,663.99,881709583,209854458,1.24453,Others
Renzo Restaked ETH,ezeth,2723.99,871282413,491763,2.69338,Others
PayPal USD,pyusd,0.999508,870425540,12159954,-0.02315,Others
clBTC,clbtc,110035,850153644,4.02,1.50981,Others
The Graph,grt,0.085906,848525051,22763810,4.15038,Others
FLOKI,floki,0.00008779,848276536,234433716,17.71387,Others
Tether Gold,xaut,3331.16,821374107,12473576,-0.12203,Others
Immutable,imx,0.427942,798716723,22223408,1.29845,Others
Jupiter Staked SOL,jupsol,171.42,795990988,3524218,3.46279,Others
PancakeSwap,cake,2.28,788243576,32926656,1.97282,Others
Vaulta,a,0.485976,765830164,24666732,1.1606,Others
Marinade Staked SOL,msol,199.64,759115890,5570085,3.48466,Others
Liquid Staked ETH,lseth,2797.67,752383843,626807,2.70209,Others
OUSG,ousg,111.69,709280126,0,0,Others
Theta Network,theta,0.708028,708246632,13359026,2.7332,Others
Curve DAO,crv,0.506977,695189264,66515425,1.7052,Others
Jito,jto,1.99,686899427,43830878,-0.55189,Others
Superstate Short Duration U.S. Government Securities Fund (USTB),ustb,10.73,686584461,0,0,Others
Lido DAO,ldo,0.754451,676875489,49220494,4.27728,Others
Stables Labs USDX,usdx,0.997965,672795154,416028,-0.04371,Others
GALA,gala,0.01442093,651696672,49034614,3.73558,Others
Zcash,zec,39.8,643193560,14054759,1.41675,Others
Ondo US Dollar Yield,usdy,1.092,634911743,242225,0.07969,Others
Ethereum Name Service,ens,18.94,628569266,44744256,2.77095,Others
Wrapped HYPE,whype,39.94,623706068,12079981,2.26846,Others
IOTA,iota,0.160881,622724991,8721844,3.12886,Others
Aerodrome Finance,aero,0.712672,608528140,32991349,-1.89114,Others
The Sandbox,sand,0.248353,607418824,24005011,3.06509,Others
Maple Finance,syrup,0.562459,604523387,50141854,1.70849,Others
BitTorrent,btt,6.11986e-7,603389729,5756756,1.11433,Others
JasmyCoin,jasmy,0.01232574,596878652,18570305,2.3032,Others
Saros,saros,0.22733,596727465,7180466,4.25923,Others
Solv Protocol Staked BTC,xsolvbtc,108124,593323455,352775,0.27598,Others
Raydium,ray,2.2,587473983,54177794,5.39582,Others
Usual USD,usd0,0.99797,585409928,4178266,-0.05685,Others
Super OETH,superoeth,2589.63,580756403,62833,2.79256,Others
Walrus,wal,0.416711,575657996,20800978,0.82019,Others
Pyth Network,pyth,0.099865,574629274,17093008,3.23739,Others
tBTC,tbtc,108850,572790124,4880689,0.76129,Others
Pendle,pendle,3.44,567148970,29043672,2.94571,Others
Tezos,xtz,0.534176,560789275,10453334,1.37464,Others
Mantle Restaked ETH,cmeth,2768.29,556670785,2898185,3.04897,Others
L2 Standard Bridged WETH (Base),weth,2589.13,545073583,218901753,2.75848,Others
cgETH Hashkey Cloud,cgeth.hashkey,2710.68,542046537,21.9,4.09324,Others
Falcon USD,usdf,0.999726,541695334,5539450,-0.0025,Others
AB,ab,0.00811934,539423876,57352221,-0.11976,Others
Flow,flow,0.33041,526487327,10927142,2.46059,Others
Arbitrum Bridged WETH (Arbitrum One),weth,2588.64,518176271,211365674,2.71034,Others
Avalanche Bridged BTC (Avalanche),btc.b,109431,517132889,17178254,1.13057,Others
Decentraland,mana,0.267537,513473508,20806452,3.87179,Others
Core,core,0.504826,507396951,9135413,1.21931,Others
Staked HYPE,sthype,39.94,498875093,634532,2.2512,Others
Venom,venom,0.237012,493420427,3610968,12.562,Others
TrueUSD,tusd,0.997145,493103954,8922734,-0.05392,Others
ApeCoin,ape,0.615493,492056660,35817157,3.56438,Others
Ripple USD,rlusd,0.99978,485140269,17211456,-0.00155,Others
Bitcoin SV,bsv,24.34,484371091,16906496,0.65954,Others
Dog (Bitcoin),dog,0.00479183,482900624,24873701,14.8898,Others
Onyxcoin,xcn,0.01404377,481428285,13593756,1.13084,Others
THORChain,rune,1.35,473957594,56478590,3.03751,Others
Bridged USDC (Polygon PoS Bridge),usdc.e,0.999801,471744082,12333818,-0.0101,Others
Brett,brett,0.04519047,448008765,18245959,7.10678,Others
Binance-Peg Dogecoin,doge,0.172691,443282582,2543764,5.04629,Others
Morpho,morpho,1.41,440901236,11096970,4.18926,Others
APENFT,nft,4.40157e-7,435786476,9149958,0.47959,Others
DeXe,dexe,7.59,433368665,5716363,0.52009,Others
Beldex,bdx,0.060525,432482395,2703721,-0.07354,Others
Helium,hnt,2.33,430426382,3778047,4.54716,Others
Kava,kava,0.396721,429701465,11284551,1.49715,Others
Reserve Rights,rsr,0.00723795,419472807,16527252,2.76876,Others
USDD,usdd,0.999365,416310285,6409145,-0.05157,Others
Starknet,strk,0.11489,412996492,17930943,2.8704,Others
Circle USYC,usyc,1.093,410333537,215.26,0,Others
Movement,move,0.157156,408548728,25080196,-0.05115,Others
USDB,usdb,0.998602,405377069,405879,-0.16755,Others
Mog Coin,mog,0.00000104,404155828,13392872,7.95365,Others
Stader ETHx,ethx,2754.39,400822062,346.25,2.71098,Others
BUILDon,b,0.397407,399365100,36000227,17.78899,Others
dYdX,dydx,0.530855,398663523,5561843,2.64085,Others
Compound,comp,41.8,392845478,28696676,1.26589,Others
NEO,neo,5.5,387886814,14550181,1.96098,Others
MultiversX,egld,13.54,384927124,8064653,1.95829,Others
Conflux,cfx,0.07482,381656418,12420491,4.52995,Others
KAITO,kaito,1.58,380443875,22889283,3.33991,Others
Mantle Bridged USDT (Mantle),usdt,0.999848,378450832,2983903,-0.00682,Others
AIOZ Network,aioz,0.314416,373134444,6200398,1.17247,Others
eCash,xec,0.00001873,372364395,3257257,2.1401,Others
ether.fi Staked ETH,eeth,2591.23,371538159,3646.33,2.893,Others
DeepBook,deep,0.148122,370218283,13257844,1.79492,Others
EigenCloud (prev. EigenLayer),eigen,1.17,366549364,60018069,6.92857,Others
Ether.fi Staked BTC,ebtc,109013,365894182,356956,0.88122,Others
Ether.fi,ethfi,0.970064,363540771,61804121,3.85114,Others
Axie Infinity,axs,2.19,363316396,12610221,2.07618,Others
Telcoin,tel,0.00392288,360491360,923033,2.84678,Others
Coinbase Wrapped Staked ETH,cbeth,2856.05,358984421,5272123,2.78119,Others
Polygon PoS Bridged DAI (Polygon POS),dai,0.999938,354408792,37169242,-0.00657,Others
Chiliz,chz,0.03609655,350420367,17424273,2.98569,Others
EOS,eos,0.485982,347636298,1063719,1.17219,Others
JUST,jst,0.03473976,343837335,16343881,0.86866,Others
Swell Ethereum,sweth,2830.15,343432377,147922,2.58271,Others
Arweave,ar,5.2,340322772,13243520,3.07289,Others
Olympus,ohm,20.53,336195854,192559,0.55515,Others
ZKsync,zk,0.04664255,333885742,18283660,2.63144,Others
Polygon Bridged WBTC (Polygon POS),wbtc,109244,332529476,3830852,1.03382,Others
Global Dollar,usdg,0.999348,332374170,15246501,-0.00309,Others
Polygon PoS Bridged WETH (Polygon POS),weth,2591.47,330806446,11010748,2.88445,Others
Beam,beam,0.00629963,330724834,17911177,9.64446,Others
Sun Token,sun,0.0172503,330581724,9567934,0.58304,Others
Ket,ket,0.327628,327487325,10124484,-4.30175,Others
Grass,grass,1.12,323018242,42303091,1.03261,Others
Axelar,axl,0.322864,321664652,6511735,1.65,Others
Ronin,ron,0.486895,321072347,6702964,1.27439,Others
Legacy Frax Dollar,frax,0.998669,313988653,2122276,-0.03184,Others
Wormhole,w,0.067293,313465898,23640077,0.93909,Others
Frax Ether,frxeth,2586.82,312941713,686303,2.71497,Others
Binance-Peg BUSD,busd,1,312844570,1301407,0.00957,Others
Terra Luna Classic,lunc,0.00005707,311759826,8622652,1.99828,Others
Trip,trip,10.38,306190321,931.1,1.78109,Others
Bybit Staked SOL,bbsol,166.92,306105905,555711,3.50422,Others
Popcat,popcat,0.308757,302451311,38521251,5.54128,Others
SuperVerse,super,0.668427,301885901,11362698,6.00441,Others
GHO,gho,0.999333,301790276,2515857,0.00066,Others
Gnosis,gno,112.54,297077662,3881404,2.81787,Others
Trust Wallet,twt,0.71072,296092275,5497380,2.91067,Others
OpenEden OpenDollar,usdo,1.001,293133732,8189.03,0.04789,Others
Useless Coin,useless,0.294381,292065676,29430221,0.52337,Others
Akash Network,akt,1.076,291995478,7111237,-1.71868,Others
Plume,plume,0.115814,291677331,25973812,2.64892,Others
Treehouse ETH,teth,3129.37,291058881,1334270,2.71785,Others
Amp,amp,0.00345495,290653980,10634305,-0.36078,Others
aBTC,abtc,109413,289340441,368535,0.984,Others
Wrapped AVAX,wavax,18.49,289142624,22085677,3.21073,Others
Cheems Token,cheems,0.0000014,285939697,3358968,-1.23351,Others
Compounding OpenDollar,cusdo,1.019,284271584,2787682,-0.22765,Others
Keeta,kta,0.702787,283979730,7956928,13.70641,Others
Turbo,turbo,0.00405618,279745860,55340092,12.6894,Others
Spiko EU T-Bills Money Market Fund,eutbl,1.22,277608880,0,0.01425,Others
pumpBTC,pumpbtc,106084,274737592,27068,0.58528,Others
cWBTC,cwbtc,2195.75,272110720,0,1.04451,Others
Creditcoin,ctc,0.596925,271351962,4329489,1.75662,Others
Polygon,matic,0.185211,269853762,488740,1.22552,Others
Safe,safe,0.441813,268179813,55246027,5.39148,Others
Decred,dcr,15.84,267414679,2432724,1.25963,Others
Aethir,ath,0.02681097,265270668,10692208,1.80194,Others
1inch,1inch,0.189866,264707685,50677104,5.3496,Others
BTSE Token,btse,1.63,263920740,2670707,0.27595,Others
Livepeer,lpt,6.22,262052454,43839992,0.12811,Others
Universal BTC,unibtc,106118,251052039,227605,0.98731,Others
ETHPlus,eth+,2715.05,249776296,188716,2.76408,Others
BENQI Liquid Staked AVAX,savax,22.46,249642167,329128,3.46285,Others
cat in a dogs world,mew,0.00280494,249472787,35068753,7.01039,Others
Dash,dash,20.23,249276285,14131952,1.8469,Others
Drift Staked SOL,dsol,171.9,247938392,146604,3.46647,Others
Staked Frax Ether,sfrxeth,2916.36,244151699,137940,2.71451,Others
Moca Network,moca,0.069598,235177407,11823023,0.29418,Others
MX,mx,2.48,234057390,3558352,2.85864,Others
Zebec Network,zbcn,0.00270042,232715729,32901503,-4.52932,Others
Theta Fuel,tfuel,0.03273614,228968569,1969041,1.34966,Others
Golem,glm,0.228328,228449628,5220890,1.14806,Others
Peanut the Squirrel,pnut,0.228274,228377881,87997901,3.35257,Others
SafePal,sfp,0.453334,226728431,2018649,1.23921,Others
Toshi,toshi,0.00052565,221227257,12569917,2.37451,Others
Euler,eul,11.84,220867725,1239170,4.19582,Others
Kusama,ksm,12.89,215759371,6519437,2.19391,Others
Mina Protocol,mina,0.171298,212588986,6190460,2.10286,Others
Resolv USR,usr,0.999549,212523913,1244236,-0.0134,Others
Qtum,qtum,2,211224495,11110518,2.5663,Others
MANTRA,om,0.214413,209731060,30382627,4.51799,Others
Blockchain Capital,bcap,22.89,208515082,0,0,Others
Zilliqa,zil,0.01057253,206268483,7070649,1.67219,Others
LayerZero,zro,1.84,204763091,18543245,3.42696,Others
Berachain,bera,1.7,204144220,15582380,3.13111,Others
EURC,eurc,1.18,202983281,13619952,0.07912,Others
Arkham,arkm,0.458019,202656896,22572826,4.68462,Others
IoTeX,iotx,0.02143434,202390410,3288837,2.48371,Others
Baby Doge Coin,babydoge,1.183e-9,199561585,7649972,4.96314,Others
Ravencoin,rvn,0.01297698,198990929,7172287,1.36562,Others
Wrapped Ether (Mantle Bridge),weth,2592.78,197388794,1784404,3.15796,Others
SwissBorg,borg,0.200351,196838158,245642,5.04021,Others
Synthetix Network,snx,0.572882,196747945,9018168,2.28028,Others
Wrapped Beacon ETH,wbeth,2772.44,196729237,3570618,2.54877,Others
WEMIX,wemix,0.427867,193666414,2877526,4.77356,Others
Convex Finance,cvx,2.37,193485485,11674579,9.2716,Others
Legacy Token,lgct,1.76,192538738,5971547,0.9199,Others
Basic Attention,bat,0.127649,190912661,8855033,3.10623,Others
Moo Deng,moodeng,0.191799,189902994,114604687,5.40416,Others
Tradable NA Rent Financing Platform SSTN,pc0000031,1,189500000,0,0,Others
SKOR AI,skorai,0.216246,189131809,214469,-0.92289,Others
Notcoin,not,0.00184071,188666028,32575157,4.4386,Others
Gas,gas,2.89,188219067,4880643,0.95834,Others
USDa,usda,0.993419,188151607,15209.87,-0.09974,Others
0x Protocol,zrx,0.220897,187414179,10221259,2.74114,Others
Neiro,neiro,0.00044318,186640365,86312141,6.02705,Others
Astar,astr,0.02225914,180999960,10497720,-0.93635,Others
Frax (prev. FXS),frax,1.98,180105309,6077175,1.21761,Others
Oasis,rose,0.02424574,179183206,4350581,2.84105,Others
Verus,vrsc,2.25,177905421,31364,2.68599,Others
yearn.finance,yfi,5213.99,176233602,13140118,3.36024,Others
VeThor,vtho,0.00192125,175735855,1747543,1.8786,Others
ai16z,ai16z,0.157855,173747770,47793596,4.19785,Others
GoMining Token,gomining,0.42541,173427766,27953475,0.26063,Others
Blur,blur,0.071365,172088787,9863806,3.12024,Others
Aster Staked BNB,asbnb,701.84,171298653,3380.08,1.21091,Others
Tribe,tribe,0.374257,170322031,150408,1.02899,Others
MORI COIN,mori,0.190425,170185764,7494550,13.4464,Others
Binance-Peg SOL,sol,152.86,168198488,3109975,3.50117,Others
Siacoin,sc,0.00299468,167775257,4799336,2.25539,Others
ZetaChain,zeta,0.179438,166166719,9904422,2.28131,Others
Nervos Network,ckb,0.00353303,165460857,8318825,2.29049,Others
Elixir deUSD,deusd,0.999991,164875920,889515,0.02008,Others
Wrapped fragSOL,wfragsol,161.19,164559508,1608007,3.27383,Others
MimboGameGroup,mgg,0.00143522,164475828,1158217,-0.34488,Others
Sahara AI,sahara,0.08031,163815364,125143493,-0.24503,Others
OriginTrail,trac,0.326379,163026634,1624849,6.04359,Others
KOGE,koge,48.03,162821206,583581103,0.02663,Others
ORDI,ordi,7.71,162159405,25442669,4.4567,Others
Qubic,qubic,0.00000134,161538469,1323241,0.54048,Others
Aave USDC (Sonic),asonusdc,0.999698,160918036,11020.29,-0.01124,Others
Banana For Scale,bananas31,0.01596652,159689158,62478714,10.63687,Others
Threshold Network,t,0.01568562,158913543,5772483,0.93836,Others
Gigachad,giga,0.0165221,158621402,5449959,5.36009,Others
Celo,celo,0.274851,158315951,8268323,1.33794,Others
Steakhouse USDC Morpho Vault,steakusdc,1.09,157217328,0,-0.00636,Others
Fluid,fluid,3.97,156502069,762450,2.03091,Others
UXLINK,uxlink,0.378544,154683668,41772199,9.11589,Others
Kinesis Gold,kau,107.34,154037186,142678,-0.46684,Others
Polymesh,polyx,0.129283,152284077,4630101,4.72881,Others
AgentFun.AI,agentfun,1.52,151723640,17608.93,0.73132,Others
Holo,hot,0.00084905,150802451,5237361,3.83836,Others
Stargate Finance,stg,0.153165,148813801,4058361,2.51969,Others
Nexus Mutual,nxm,60.2,147974417,0,2.9398,Others
aelf,elf,0.193015,147850900,2649355,0.9643,Others
STASIS EURO,eurs,1.18,146213467,37490,0.03245,Others
CoW Protocol,cow,0.298694,145839610,14374797,3.48821,Others
GMX,gmx,14.16,144589890,5963579,2.52161,Others
Cronos Bridged USDC (Cronos),usdc,1.001,144456001,542513,0.22946,Others
EthereumPoW,ethw,1.33,143476659,3695524,1.77626,Others
Snek,snek,0.00191855,143111105,835248,1.1721,Others
Ankr Network,ankr,0.01427677,142785521,8421818,1.06745,Others
Kinesis Silver,kag,37.25,142294473,183098,1.22523,Others
Infrared Bera,ibera,1.66,141629189,203860,3.86986,Others
Humanity,h,0.077533,141420983,266435134,-2.53231,Others
Casper Network,cspr,0.01068831,141367525,2258089,2.38873,Others
Origin Ether,oeth,2590.53,140712174,173603,2.8663,Others
FUNToken,fun,0.01322077,140167073,31579991,-2.49362,Others
Chia,xch,9.57,139990552,4584460,1.82894,Others
Harmony,one,0.00954495,139810768,5593704,1.56545,Others
aura,aura,0.144509,139189184,5086211,9.56679,Others
Prom,prom,7.59,138622020,4394709,2.23937,Others
Drift Protocol,drift,0.406078,137978459,21940160,-1.27417,Others
Rekt,rekt,3.2814e-7,137906426,7381690,6.85714,Others
MAG7.ssi,mag7.ssi,0.77399,137312301,645162,2.03962,Others
Freysa AI,fai,0.01669281,136703612,1158700,1.38897,Others
Zano,zano,9.14,135550519,1719467,-0.8955,Others
TDCCP,tdccp,0.21014,134416115,165667,1.03629,Others
DigiByte,dgb,0.00755867,134382376,1802039,3.48098,Others
Vana,vana,4.36,134225366,8992309,2.44856,Others
KUB Coin,kub,1.51,133813194,725415,1.78319,Others
CoinEx,cet,0.050112,133406800,63871,-0.32678,Others
Resolv RLP,rlp,1.2,133323910,620917,-0.08233,Others
Function Æ’BTC,fbtc,109677,132530990,330831,1.39938,Others
Solayer,layer,0.628416,131967313,18733282,0.21572,Others
cETH,ceth,52.05,131187015,20.49,2.82035,Others
Kamino,kmno,0.058033,130885376,6692856,-0.22798,Others
ICON,icx,0.121927,130592200,1563308,0.87142,Others
AUSD,ausd,0.999211,130205851,49279700,-0.04429,Others
WOO,woo,0.068122,130054827,6561199,4.18458,Others
GMT,gmt,0.04386061,128777922,15179037,1.46638,Others
GOHOME,gohome,244.99,128458103,4108856,-0.04369,Others
Melania Meme,melania,0.198683,128119451,7334212,2.2012,Others
Noble Dollar (USDN),usdn,0.9999,127848965,567810,0,Others
aixbt by Virtuals,aixbt,0.134738,127608228,35727401,3.57497,Others
AI Companions,aic,0.127399,127422925,5736040,-3.19427,Others
Conscious Token,conscious,0.127326,127260676,276090,3.80108,Others
Non-Playable Coin,npc,0.01582096,127131034,2070265,2.55437,Others
XYO Network,xyo,0.00911482,126983360,6810662,1.67901,Others
Coinshift USDL Morpho Vault,csusdl,1.032,126823664,0,0.02075,Others
Echelon Prime,prime,2.44,126496408,3234549,3.23832,Others
Kadena,kda,0.390784,126445584,2658969,1.89465,Others
Mask Network,mask,1.24,124127325,15898089,3.82961,Others
ZIGChain,zig,0.088047,124032310,1579655,1.38246,Others
Enjin Coin,enj,0.066436,123474446,7887161,3.03693,Others
Horizen,zen,7.63,122964097,14340295,6.98244,Others
Liquity,lqty,1.26,122935347,22759284,7.48822,Others
Chintai,chex,0.12198,121775850,2682143,-5.40953,Others
Anzen USDz,usdz,0.985579,121170389,28413,0.06438,Others
SQD,sqd,0.163833,120575710,21214274,2.32951,Others
Sologenic,solo,0.300075,119690935,4600796,15.77847,Others
Orca,orca,1.99,119015345,10851925,2.28857,Others
Sushi,sushi,0.614547,118516378,21367432,4.11643,Others
SpaceN,sn,2.95,118126325,108985,13.64712,Others
io.net,io,0.699801,118124318,14346406,2.94922,Others
Purr,purr,0.197981,118105654,3092900,3.94428,Others
Resolv wstUSR,wstusr,1.089,118031573,97977,0,Others
Alchemist AI,alch,0.137865,117292255,16708625,-1.92404,Others
Paycoin,pci,0.112188,116056424,4368620,11.61192,Others
Spiko US T-Bills Money Market Fund,ustbl,1.05,115132372,0,0,Others
Nano,xno,0.857463,114245399,379637,3.75665,Others
crvUSD,crvusd,0.99989,113775730,3727448,0.00431,Others
Solar,sxp,0.175422,113558682,3149462,2.02518,Others
Babylon,baby,0.04932261,113171761,13660132,6.29025,Others
Amnis Aptos,amapt,4.48,113017044,293222,2.05935,Others
Ontology,ont,0.12292,112411293,5846428,4.26899,Others
COTI,coti,0.050682,112147299,4516870,2.69269,Others
BORA,bora,0.097244,111973649,1949698,-0.32759,Others
Magic Eden,me,0.745573,111945670,6158320,2.16869,Others
Lorenzo stBTC,stbtc,108781,111668391,7004.78,0.87128,Others
BOOK OF MEME,bome,0.00161707,111603752,38460841,7.50678,Others
ViciCoin,vcnt,19.48,110988234,200708,-0.04262,Others
Level USD,lvlusd,0.999827,110945689,3519549,0.00774,Others
AWE Network,awe,0.056838,110382309,6891807,-1.38753,Others
Centrifuge [OLD],cfg,0.195097,109398338,834511,11.66169,Others
Ozone Chain,ozo,0.131432,109348518,241850,0.45998,Others
Zenrock BTC,zenbtc,109278,109277992,29.83,1.13219,Others
World Mobile Token,wmtx,0.145904,108853655,4349331,2.31044,Others
Apollo Diversified Credit Securitize Fund,acred,1035.66,108674953,0,-0.01521,Others
Solayer Staked SOL,ssol,166.78,108442066,197079,3.47125,Others
sBTC,sbtc,108391,108379770,38456,0.71353,Others
Undeads Games,uds,1.071,108132065,931163,-9.63503,Others
LCX,lcx,0.11453,108110701,272576,2.94161,Others
Osmosis,osmo,0.145467,107042201,4509362,4.68655,Others
Rocket Pool,rpl,4.95,106617174,5067237,2.8048,Others
Terra,luna,0.153631,105654642,14204073,2.51872,Others
Request,req,0.141013,104979793,2301533,1.44623,Others
Status,snt,0.0262972,104163134,5378654,0.89461,Others
Launch Coin on Believe,launchcoin,0.103701,103769873,28072420,5.53204,Others
SWFTCOIN,swftc,0.01037453,103749474,963406,-0.21591,Others
Entangle,ntgl,0.00017148,103745321,20.25,0,Others
Rei,rei,0.103135,103140137,806155,-11.9587,Others
Solv Protocol SolvBTC Jupiter,solvbtc.jup,115691,102812387,3056.35,1.0719,Others
Acet,act,0.059637,102390353,124853,-1.17647,Others
AltLayer,alt,0.02722321,102239838,9480220,3.15514,Others
RealLink,real,0.03638679,102222672,22343005,2.45134,Others
Moonwell,well,0.02902887,101695756,3045583,9.84587,Others
Hive,hive,0.210781,101439311,2270173,1.95122,Others
Goatseus Maximus,goat,0.100869,100986252,19405014,3.71743,Others
Tradable Singapore Fintech SSL,pc0000023,1,100846154,0,0,Others
ONyc,onyc,1.008,100826964,2557.82,0.06735,Others
Big Time,bigtime,0.052729,100661790,14162377,4.01677,Others
Waves,waves,1.005,100540903,9763296,-0.02967,Others
QL1 Bridged USDT (QL1),qusdt,1,100007351,4189.84,-0.00742,Others
Tellor Tributes,trb,37.05,99587522,14317390,1.39806,Others
Illuvium,ilv,10.47,99223526,4539365,2.31891,Others
Venus,xvs,5.96,99181029,5065276,2.46822,Others
Optimism Bridged WBTC (Optimism),wbtc,109495,98452834,1471987,1.22835,Others
SKALE,skl,0.01700447,98229502,4252299,1.54818,Others
BitMart,bmx,0.289198,97965470,6208124,0.30761,Others
Velo,velo,0.01325551,97923599,13628567,-1.46331,Others
Metis,metis,15.16,97643589,5216430,3.6686,Others
Constellation,dag,0.03421042,97592065,2441319,4.95394,Others
Lagrange,la,0.503213,97161250,17986737,0.56344,Others
UMA,uma,1.09,96259683,4266188,2.09836,Others
Lift Dollar,usdl,0.999866,96092449,1298185,0.02151,Others
ALEO,aleo,0.223706,95884089,3432518,-1.14214,Others
NKYC Token,nkyc,23.88,95527181,256763,2.09209,Others
Bio Protocol,bio,0.05286,95402968,10663434,3.53017,Others
Stratis,strax,0.04807048,95278948,19039390,-4.80876,Others
L2 Standard Bridged frxUSD,frxusd,0.999542,94743478,380712,-0.14345,Others
Alchemy Pay,ach,0.01900637,94002926,31309570,6.06717,Others
ONFA,oft,0.814865,93970908,7793152,-7.24111,Others
ConstitutionDAO,people,0.01832413,92827582,28242312,6.25692,Others
Animecoin,anime,0.0167277,92648101,10727431,1.41394,Others
Elixir Staked deUSD,sdeusd,1.048,92621104,29816,0.08152,Others
Six Sigma,six,0.061782,92601524,108875,-7.52764,Others
Blast,blast,0.0022418,92570049,10971224,-3.27059,Others
Swop,swop,0.00925156,92515609,47.75,-0.00019,Others
DOLA,dola,0.998321,91866819,132558,0.01903,Others
Verasity,vra,0.00110343,91497273,3190224,-0.46796,Others
VVS Finance,vvs,0.00000188,91232642,411650,0.54809,Others
Loopring,lrc,0.073146,91147670,7128369,1.26132,Others
Cookie DAO,cookie,0.166374,91115408,9510027,3.81409,Others
Restaked Swell ETH,rsweth,2584.89,91041466,181610,2.5332,Others
Band Protocol,band,0.582585,90867648,7883380,3.90835,Others
Rollbit Coin,rlb,0.0447055,90850498,133827,1.94449,Others
Incrypt,inc,0.0140875,90614548,114528,-12.31858,Others
PAAL AI,paal,0.100559,90409452,3007829,1.09951,Others
Clearpool,cpool,0.11508,89825080,2329845,3.87802,Others
Delysium,agi,0.050222,89754080,28881374,-0.6667,Others
Biconomy,bico,0.092842,89628862,3967939,3.9525,Others
NexusMind,nmd,8.75,89614836,135553,1.01378,Others
Neiro on ETH,neiro,0.089447,89507692,3029546,4.25311,Others
SingularityNET,agix,0.299125,89393242,40451,3.29491,Others
GAL (migrated to Gravity - G),gal,0.692986,88528477,1050.52,-5.82395,Others
Sui Bridged USDT (Sui),sbusdt,1,88061254,27443889,0.00877,Others
Cronos Bridged USDT (Cronos),usdt,0.999746,87802155,97038,0.18126,Others
Venice Token,vvv,2.77,87729708,2739702,4.41486,Others
Orbs,orbs,0.01868861,87367725,3645092,1.9252,Others
Beets Staked Sonic,sts,0.322624,87340509,226010,2.98988,Others
XPR Network,xpr,0.0031253,86533696,2199678,-1.22688,Others
The Grays Currency,ptgc,0.00029615,86511069,112877,8.61831,Others
Arbitrum Bridged USDC (Arbitrum),usdc.e,1,86471822,7235862,0.00754,Others
IOST,iost,0.00329492,86377488,4051018,1.86087,Others
Verge,xvg,0.00522019,86259009,2561305,1.87914,Others
Infinitar Governance Token,igt,0.22113,85838004,4536113,2.58662,Others
Diverge Loop,dlc,0.096292,85699697,26110,-2.10144,Others
Tokenlon,lon,0.699039,85652332,56832,2.09206,Others
Mythos,myth,0.107402,85537961,1442573,0.26279,Others
Gravity (by Galxe),g,0.01180815,85404229,6565452,-0.89012,Others
Metal Blockchain,metal,0.167647,85104387,1331863,-1.98403,Others
Metaplex,mplx,0.102354,84890393,11164665,-6.11628,Others
OKT Chain,okt,4.71,84100112,329789,0.2592,Others
Pocket Network,pokt,0.04171589,83895503,54904214,4.80069,Others
L2 Standard Bridged WETH (Optimism),weth,2588.23,83853699,3848159,2.63361,Others
Degen,degen,0.0036206,82521633,11240118,8.94333,Others
TempleDAO,temple,3.47,82328249,150.95,0.07215,Others
Merlin Chain,merl,0.113274,82238519,9085703,13.26317,Others
Powerledger,powr,0.15519,82211701,3092212,2.57647,Others
MVL,mvl,0.00305557,82203911,595469,-0.03048,Others
RedStone,red,0.293217,82164768,17624941,0.83844,Others
Ribbita by Virtuals,tibbir,0.081257,81699186,734795,13.80978,Others
YU,yu,0.999803,81594383,1186293,-0.01047,Others
Solana Name Service (prev. Bonfida),fida,0.082332,81587369,16336417,1.77521,Others
QuantixAI,qai,101.46,81580573,4144504,1.00768,Others
SATS (Ordinals),sats,3.8775e-8,81443447,9006573,3.89047,Others
Relend USDC,reusdc,1.066,81272640,0,0.01349,Others
Avant USD,avusd,1,81265699,100198,-0.01384,Others
Coreum,coreum,0.124801,81082338,400588,3.96145,Others
Songbird,sgb,0.00510471,81051499,481708,3.55082,Others
0x0.ai: AI Smart Contract,0x0,0.090135,80604020,125461,3.99792,Others
Sign,sign,0.067166,80595794,5988379,3.25585,Others
IQ,iq,0.00359718,80384477,2352542,1.64553,Others
Hivemapper,honey,0.01793864,80325209,1482655,4.15024,Others
Bridged Ether (StarkGate),eth,2599.87,79775184,109287,3.30061,Others
Flux,flux,0.204589,79240736,2572757,2.79074,Others
ChainGPT,cgpt,0.094152,79185611,9848315,3.07345,Others
BugsCoin,bgsc,0.00684159,79139467,6993359,7.91288,Others
Ardor,ardr,0.07916,79097892,1737625,0.34751,Others
Memecoin,meme,0.00157181,78862443,30396876,5.67428,Others
Yield Guild Games,ygg,0.149425,78841405,7984739,3.25035,Others
Renzo Restaked LST,pzeth,3132.89,78804323,795.86,3.34979,Others
Moonwell Flagship ETH (Morpho Vault),mweth,2623.27,78803125,617.24,4.84463,Others
Osaka Protocol,osak,1.03184e-7,78456043,88873,5.05475,Others
PHALA,pha,0.097646,78383533,6489133,3.12352,Others
dKargo,dka,0.01561733,78085824,956492,0.38782,Others
Sonic SVM,sonic,0.216562,77962215,18321839,1.61254,Others
ARK,ark,0.414082,77916494,13355153,1.97761,Others
Manta Network,manta,0.185913,77915130,9552762,4.4872,Others
Radix,xrd,0.00659241,77679473,312751,-0.1403,Others
peaq,peaq,0.078253,77566309,3354225,-1.24053,Others
USDX,usdx,0.694768,77513905,1439.99,-0.07295,Others
Felix feUSD,feusd,1.005,76735677,4332791,-0.11209,Others
Audius,audio,0.057177,76448942,10251752,1.87061,Others
Solv Protocol SolvBTC.CORE,solvbtc.core,109040,76315307,83539,1.54568,Others
Api3,api3,0.612861,76072787,5974623,2.92674,Others
Ergo,erg,0.935267,76061072,223307,3.52306,Others
f(x) Protocol fxUSD,fxusd,0.998944,75964958,1469502,0.03703,Others
Dymension,dym,0.236462,75903585,5860857,4.8328,Others
Staked Level USD,slvlusd,1.078,75863836,1215225,-0.0713,Others
Spell,spell,0.00046294,75647081,4624173,2.14304,Others
HashKey Platform Token,hsk,0.570206,75579469,6680685,-3.1835,Others
sUSDa,susda,1.009,75403366,0,0,Others
Avant Staked USD,savusd,1.055,74975302,62094,0.02873,Others
Aevo,aevo,0.082531,74890845,7300941,3.4729,Others
BabyBoomToken,bbt,0.674595,74845012,248747,16.53282,Others
Pundi X,pundix,0.288348,74522403,3320047,0.36989,Others
Cetus Protocol,cetus,0.091842,74268554,7287241,3.98438,Others
Lisk,lsk,0.381038,74049185,2412932,1.61864,Others
Quantum Resistant Ledger,qrl,0.942345,73873217,115755,-7.00248,Others
L2 Standard Bridged WETH (Blast),weth,2590.15,73043944,474575,2.82363,Others
StraitsX XUSD,xusd,1,72692917,5973609,0.00428,Others
Usual,usual,0.069169,72536067,17056170,3.07759,Others
BitDCA,bdca,0.962666,72136141,188380,0.10942,Others
MiL.k,mlk,0.151667,72089232,2090251,0.71302,Others
PONKE,ponke,0.129265,71862164,8254548,6.35925,Others
Civic,cvc,0.089311,71637869,3015745,1.58838,Others
Newton Protocol,newt,0.331179,71211737,265827537,1.04772,Others
Reservoir rUSD,rusd,0.999401,71005840,27789,0.00068,Others
Apu Apustaja,apu,0.00020949,70848615,1441801,7.59001,Others
Ontology Gas,ong,0.169073,70823206,3379056,2.12882,Others
TerraClassicUSD,ustc,0.01265534,70789159,3860785,1.85469,Others
Banana Gun,banana,17.69,70681198,9137429,3.3545,Others
Ronin Bridged WETH (Ronin),weth,2588.21,70622307,490435,2.73206,Others
BTU Protocol,btu,0.879188,70377063,101.86,0.33534,Others
B3 (Base),b3,0.0025679,70038792,3657301,1.47806,Others
Pax Dollar,usdp,0.99987,69948426,2612789,-0.0164,Others
Bancor Network,bnt,0.611742,69888080,3715471,2.59046,Others
Rings scBTC,scbtc,109634,69656166,87153,1.14328,Others
Resupply USD,reusd,0.990217,69648239,323848,0.04521,Others
WAX,waxp,0.01976582,69257675,4276813,-0.1553,Others
Staked FRAX,sfrax,1.13,68625772,0.901542,0,Others
Arcblock,abt,0.695684,68614557,375126,1.79798,Others
Kelp Gain,ageth,2674.53,68429923,1422.86,2.72832,Others
Fimarkcoin,fmc,0.0026522,68386634,21193366,-0.10314,Others
CARV,carv,0.269949,68335923,41041908,-6.60604,Others
Across Protocol,acx,0.137928,68025517,35361395,7.4588,Others
Bridged Wrapped stETH (Gnosis),wsteth,3123.74,67815836,1800855,3.06734,Others
Dogs,dogs,0.00013118,67811015,17044354,5.09327,Others
Shuffle,shfl,0.219539,67504144,1044986,0.37765,Others
Chromia,chr,0.07962,67218095,4995292,0.55178,Others
Connex,conx,58.32,67066508,11547.09,2.47792,Others
Steem,steem,0.129216,66889374,4803223,1.59681,Others
Adventure Gold,agld,0.718383,66685906,9058488,1.82883,Others
SPACE ID,id,0.15461,66592038,7386334,1.93125,Others
Initia,init,0.417313,66452778,25460593,4.69527,Others
Dogelon Mars,elon,1.2082e-7,66411721,9322763,7.32958,Others
iExec RLC,rlc,0.915542,66295948,3899751,2.35308,Others
GAME by Virtuals,game,0.066156,66217123,3812859,-1.45057,Others
SoSoValue,soso,0.573207,66024151,1756946,1.1657,Others
Hosico Cat,hosico,0.066057,65854298,20368413,15.80773,Others
Energy Web,ewt,1.086,65788861,328299,0.53289,Others
Global Commercial Business,gcb,0.053737,65677423,38759,-3.01723,Others
Goldfinch,gfi,0.705715,65553934,545309,1.51625,Others
Xai,xai,0.050799,65055988,11198900,3.84192,Others
Marlin,pond,0.00791205,64801422,2878453,2.74574,Others
MindWaveDAO,nila,0.081086,64282204,2308716,-0.14288,Others
Hydration,hdx,0.01096995,63369270,60353,-2.14308,Others
Satoshi Stablecoin,satusd,0.998111,63345291,26840,-0.25029,Others
Layerzero Bridged weETH (Swellchain),weeth,2772.55,63031911,254081,2.81349,Others
Sophon,soph,0.0314929,62986588,20778120,-0.28345,Others
Comedian,ban,0.062884,62899654,12069686,-0.90238,Others
Solv Protocol,solv,0.04225156,62641786,9278696,-0.54321,Others
Puff The Dragon,puff,0.070511,62628349,269296,0.075,Others
Balancer,bal,0.970247,62338317,3763668,1.86006,Others
Moonbeam,glmr,0.062924,62294671,3756477,2.42241,Others
Zeus Network,zeus,0.162519,62180469,3837830,-0.48074,Others
Bucket Protocol BUCK Stablecoin,buck,1.001,61886751,605127,0.20239,Others
Solidus Ai Tech,aitech,0.04027705,61874837,6770613,-0.24226,Others
Chutes,sn64,48.45,61697923,1453535,1.26346,Others
BLOCKv,vee,0.01691496,61676522,39926,1.57908,Others
MMX,mmx,0.377908,61637665,50532,12.71619,Others
QANplatform,qanx,0.03612935,61412572,237468,-1.32423,Others
Bifrost,bfc,0.04402817,61257429,786215,-0.13411,Others
HarryPotterObamaSonic10Inu (ETH),bitcoin,0.06096,60949538,3893328,2.31192,Others
Aster USDF,usdf,0.998731,60689127,117564,0.00471,Others
Taiko,taiko,0.389227,60548976,6029032,-1.08655,Others
Cobak,cbk,0.634537,60362904,52328885,6.02996,Others
Bounce,auction,9.14,60250346,9369154,3.07512,Others
Ocean Protocol,ocean,0.300989,60222437,153901,1.55799,Others
Anvil,anvl,0.00220841,60117048,147874,-1.53622,Others
Numeraire,nmr,7.49,60017229,4443597,3.5702,Others
VanEck Treasury Fund,vbill,1,59744890,0,0,Others
deBridge,dbr,0.02029486,59053492,9262019,-0.10439,Others
Wrapped Centrifuge,wcfg,0.195499,58854043,713124,12.21621,Others
Metal DAO,mtl,0.681139,58793358,1490888,2.17097,Others
Tokamak Network,ton,1.11,58776157,8735375,1.72315,Others
Zentry,zent,0.00818291,58186773,6038318,0.43782,Others
JOE,joe,0.14587,58070012,3292296,2.78594,Others
PePeonTron,pepeontron,0.057927,57927080,98732,-2.17399,Others
Saga,saga,0.214444,57899557,7533706,3.65209,Others
BUSD,busd,1.001,57852140,4968.7,0.11656,Others
Hashflow,hft,0.098852,57810326,32046574,-9.11031,Others
Medibloc,med,0.00572527,57711009,254274,0.94617,Others
Just a chill guy,chillguy,0.057638,57637351,16216801,9.13324,Others
Dent,dent,0.00059734,57141501,2267861,2.70098,Others
WalletConnect Token,wct,0.306266,57051842,21071057,2.71436,Others
Polyhedra Network,zkj,0.176064,57007814,8753205,3.87421,Others
Looped Hype,lhype,40.36,56975987,7381935,2.24121,Others
Omni Network,omni,1.51,56968448,17177442,2.26333,Others
MetFi,metfi,0.233916,56896895,373351,-0.06278,Others
Geodnet,geod,0.178599,56652089,423691,-0.20202,Others
ao Computer,ao,12.9,56621747,1856644,5.25466,Others
Sundog,sundog,0.056569,56620009,7324947,2.32334,Others
Nillion,nil,0.288835,56416399,8139564,2.52696,Others
Islamic Coin,islm,0.02911772,56277731,614538,-0.34562,Others
Huma Finance,huma,0.03226043,55964620,20849846,4.0054,Others
Access Protocol,acs,0.00134652,55840524,43344355,-8.08907,Others
Joe Coin,joe,0.055763,55749334,2003085,4.81084,Others
GameBuild,game,0.00313363,55543163,4362495,-1.0097,Others
Stronghold,shx,0.01031937,55482748,601306,-0.48775,Others
Magic Internet Money (Ethereum),mim,1,55417808,573.35,0.0193,Others
Pundi AI,pundiai,6.52,55378112,825282,-2.97039,Others
ANDY ETH,andy,0.00005521,55324200,607719,3.06092,Others
Bridged Tether (opBNB),usdt,1,55151852,2482.12,-0.00742,Others
Aergo,aergo,0.116695,55143887,24115257,2.3412,Others
Railgun,rail,0.957734,55016075,231961,3.12804,Others
Cronos Bridged WBTC (Cronos),wbtc,108917,54932134,31605,1.11024,Others
HOME,home,0.02020734,54828310,20828543,3.05749,Others
T-mac DAO,tmg,30.68,54394000,44253,-22.62352,Others
SSV Network,ssv,7.6,53942642,10363142,5.47141,Others
Ekubo Protocol,ekubo,5.39,53869451,239629,3.36488,Others
SkyAI,skyai,0.053627,53680832,15222080,4.71817,Others
Zircuit,zrc,0.02435231,53445335,6191388,4.10164,Others
Unipoly,unp,0.191283,53412051,1046585,0.08657,Others
Standard Bridged USDC.e (Optimism),usdc.e,0.999843,53128620,592053,-0.00486,Others
Rootstock Infrastructure Framework,rif,0.053033,53050915,1328917,2.05195,Others
Moonriver,movr,5.4,52739630,1788563,3.13111,Others
Hippo Protocol,hp,0.04642728,52577364,35048310,6.44475,Others
Avail,avail,0.0207306,52507921,3152781,0.52028,Others
Concordium,ccd,0.0045333,52501788,584129,-1.9252,Others
CYBER,cyber,1.2,52498150,6872138,2.44308,Others
Marinade,mnde,0.12697,51897909,1003174,3.70849,Others
Neutron,ntrn,0.086596,51833567,2316008,4.63516,Others
Tutorial,tut,0.061799,51760715,14665606,1.63571,Others
Zedxion,zedxion,0.421472,51547504,456074,1.02119,Others
Scroll,scr,0.270063,51303213,12328668,3.06675,Others
Vanar Chain,vanry,0.0262729,50892124,4996594,4.13217,Others
Escoin,elg,0.275644,50776161,492153,0.38461,Others
Cartesi,ctsi,0.058082,50717731,3666451,2.13851,Others
Web 3 Dollar,usd3,1.054,50208166,79.23,0.03238,Others
Humans.ai,heart,0.00641245,49952984,401753,2.57372,Others
Propy,pro,0.857,49617798,3690971,3.14898,Others
Oasys,oas,0.01108773,49612731,3216437,-1.38974,Others
Bone ShibaSwap,bone,0.198309,49550715,3962167,-0.98884,Others
Sui Bridged Ether (Sui),sbeth,2594.94,49306782,609021,3.00077,Others
Tharwa,trwa,0.00698832,49191152,1276721,-11.26704,Others
ECOMI,omi,0.00018159,49177677,1379417,-1.28265,Others
WINkLink,win,0.00004946,49159514,7033160,2.03141,Others
EUR CoinVertible,eurcv,1.18,49154226,775.7,0,Others
Oraichain,orai,2.6,49119218,446069,4.84024,Others
Impossible Cloud Network Token,icnt,0.261391,48845977,32732984,9.23598,Others
Kyber Network Crystal,knc,0.287009,48829858,4274850,1.36921,Others
Honey,honey,0.998363,48828773,2302537,-0.10332,Others
Secret,scrt,0.156437,48828288,1332767,2.24705,Others
Gains Network,gns,1.66,48802694,5866642,2.05863,Others
Simon's Cat,cat,0.00000722,48757235,6191731,3.59196,Others
Helder,helder,0.097475,48421238,1374.24,-0.88982,Others
BIM,bim,1.61,48382545,115061,3.22347,Others
QuarkChain,qkc,0.0067746,48357893,1810514,1.58948,Others
Avalanche Bridged WETH (Avalanche),weth,2591.97,48252254,8441120,2.90887,Others
High Growth ETH,hgeth,2609.36,48229275,52.58,0,Others
Hunt,hunt,0.238332,48205642,852990,-0.55277,Others
Sygnum FIUSD Liquidity Fund,fiusd,11485.13,48191605,0,0,Others
StrikeX,strx,0.056686,48067237,170409,6.631,Others
Overnight.fi USD+,usd+,0.999363,48054445,39436,0.01314,Others
Gods Unchained,gods,0.125871,48012283,821982,2.65783,Others
TARS AI,tai,0.081592,47905886,4001195,3.45789,Others
Renzo Restaked SOL,ezsol,185.38,47820869,38907,3.46787,Others
Avalanche Bridged WBTC (Avalanche),wbtc,109535,47792113,801777,1.2326,Others
Mountain Protocol USD,usdm,0.995552,47786990,29409,-0.05107,Others
Savings crvUSD,scrvusd,1.052,47527671,1418851,0.04335,Others
Gemini Dollar,gusd,0.999999,47399235,35808282,-0.02169,Others
Smooth Love Potion,slp,0.00129931,46757258,4164993,5.01482,Others
Ski Mask Dog,ski,0.04615263,46135519,713993,4.39528,Others
Mantle Bridged USDe (Mantle),usde,0.999757,46092188,4727023,0.02259,Others
Frax USD,frxusd,0.999717,46054803,435623,0.00099,Others
USUALx,usualx,0.106786,45655380,13070.61,8.51865,Others
Wrapped POL,wpol,0.185007,45596662,7896567,1.40911,Others
Seraph,seraph,0.189892,45479705,120216606,-1.87915,Others
Autonolas,olas,0.254246,45466057,377565,1.72088,Others
Avalanche Bridged USDC (Avalanche),usdc.e,0.999812,45398949,1544216,0.00278,Others
DIA,dia,0.379387,45396512,2677837,1.87002,Others
TruFin Staked APT,truapt,4.58,45389729,526.26,2.09375,Others
GoPlus Security,gps,0.02495075,45303508,6108197,3.81522,Others
Matrixdock Gold,xaum,3351.27,45255041,20961,-0.12401,Others
BCGame Coin,bc,0.00449919,44947892,16550.74,-0.05713,Others
Iagon,iag,0.119348,44879532,320649,3.07665,Others
Nosana,nos,0.536197,44744488,416377,1.79065,Others
Sanctum Infinity,inf,204.35,44587970,1750633,3.44496,Others
Hamster Kombat,hmstr,0.00068835,44310967,20425985,2.99227,Others
Velodrome Finance,velo,0.04581824,44093054,4339715,1.43263,Others
TOKPIE,tkp,0.554244,43949761,24027,1.62808,Others
DevvE,devve,0.501221,43792255,297530,-4.82596,Others
Aurora,aurora,0.070818,43735286,541258,-0.00591,Others
GRIFFAIN,griffain,0.04364444,43659344,7896179,3.99605,Others
Hey Anon,anon,3.25,43600511,1349623,-1.27978,Others
Phantom Staked SOL,psol,155.34,43473300,203279,3.46546,Others
Liquity BOLD,bold,1,43408141,152167,0.04775,Others
Imagen Network,image,0.00864586,43229328,7896.31,-6.94068,Others
ResearchCoin,rsc,0.376146,43109098,408389,4.89749,Others
Artificial Liquid Intelligence,ali,0.00472795,43085096,998028,-1.54804,Others
Fuel Network,fuel,0.00820266,43032068,3133294,6.04003,Others
SX Network,sx,0.076262,42897410,79705,-0.00874,Others
Stargate Bridged USDC (Plume),usdc.e,0.998802,42887246,219374,-0.10972,Others
Austin Capitals,aux,4.38,42826307,27798,0.00484,Others
MovieBloc,mbl,0.00229861,42585345,2842076,0.62841,Others
Wrapped QUIL,quil,0.0471525,42547396,701438,6.96233,Others
TAGGER,tag,0.00038679,41929450,3762635,-4.06596,Others
Optio,opt,0.00732565,41798090,20091,-0.95139,Others
Maxi PayFi Strategy Token,mpst,1.014,41597240,24798,0.11201,Others
W coin,w,0.04118294,41586206,10774748,0.02013,Others
Celer Network,celr,0.00736386,41576884,3131131,2.95326,Others
Wilder World,wild,0.1281,41576723,613830,2.48008,Others
MARBLEX,mbx,0.194084,41508193,1295019,1.08547,Others
Boba Network,boba,0.090927,41430362,5328807,0.04582,Others
Seedify.fund,sfund,0.650632,41337122,2219442,1.38588,Others
Forta,fort,0.068784,41320380,1055235,-0.29305,Others
Shentu,ctk,0.280776,41312925,2596932,1.86271,Others
BENQI,qi,0.00589357,41227612,2614209,1.83926,Others
Keep Network,keep,0.074538,41127076,1241.86,3.41972,Others
Liquity USD,lusd,1.003,41060744,300532,0.19752,Others
Decentralized Social,deso,3.9,41036783,99289,0.56042,Others
CZ's Dog,broccoli,0.04209661,40943931,12405668,4.40799,Others
SMARDEX,sdex,0.00444806,40931426,444908,-0.82306,Others
Wrapped XRP,wxrp,2.27,40869224,39746,2.39345,Others
Huobi,ht,0.256422,40863714,167353,17.43169,Others
SuperRare,rare,0.04982883,40829872,5672111,2.29764,Others
LiquidLaunch,liqd,0.03369458,40413212,1938634,3.96279,Others
HashAI,hashai,0.00045149,40390634,323371,1.69051,Others
Mansory Token,mnsry,0.04480689,40335928,1700856,3.50565,Others
Particle Network,parti,0.172769,40310827,15191761,1.19194,Others
Coin98,c98,0.04150748,40146251,8044978,0.03658,Others
Liqwid Finance,lq,1.99,40024221,13611.19,0.26675,Others
SuperWalk GRND,grnd,0.058834,39891053,250891,1.04452,Others
VaderAI by Virtuals,vader,0.03997089,39851724,1009105,6.18507,Others
AI Analysis Token,aiat,0.359063,39621725,106298,1.28082,Others
Fwog,fwog,0.04040677,39427136,3830250,5.65817,Others
Mubarak,mubarak,0.03909541,39094435,28355435,4.92248,Others
Polygon Hermez Bridged USDT (x Layer),usdt,1,39069062,16169.38,-0.00742,Others
Test,tst,0.04103079,38857630,10331219,0.3718,Others
Strike,strike,6.93,38836032,28486913,-9.90098,Others
Whiteheart,white,4349.25,38656177,11.36,1.33248,Others
CreatorBid,bid,0.1439,38635871,1830187,4.13687,Others
Derive,drv,0.04721034,38608287,193651,0.15151,Others
Metadium,meta,0.02249032,38573761,246704,-0.15047,Others
tokenbot,clanker,38.55,38565592,2917546,5.6329,Others
sUSD,susd,0.929297,38359310,222017,-0.52495,Others
Tensor,tnsr,0.114532,38348116,7592754,2.25847,Others
Wrapped NXM,wnxm,59.5,38279921,200306,1.89644,Others
DEAPCOIN,dep,0.00138469,38256772,644561,0.46902,Others
Unity,uty,1,37989804,464.64,-0.01009,Others
XPLA,xpla,0.0459005,37814143,445509,1.19144,Others
Act I The AI Prophecy,act,0.03986059,37795299,11439715,3.49344,Others
Treasure,magic,0.122741,37783161,8423956,2.3892,Others
CorgiAI,corgiai,0.00011017,37758490,74285,0.12828,Others
Universal ETH,unieth,2847.94,37743839,51607,2.78861,Others
Keyboard Cat (Base),keycat,0.00376152,37678123,2117411,10.28551,Others
Lista USD,lisusd,0.998782,37553236,100074,0.04301,Others
Ice Open Network,ice,0.00552636,37536959,6631417,0.05211,Others
Chain-key Bitcoin,ckbtc,109727,37358093,12403.1,1.32588,Others
MyShell,shell,0.13844,37356921,5368662,1.93013,Others
DODO,dodo,0.03726262,37251844,3957325,2.47235,Others
doginme,doginme,0.00055199,37176430,2743079,13.06439,Others
Binance-Peg Avalanche,avax,18.5,37007817,53494,3.70325,Others
BankrCoin,bnkr,0.0003694,36940667,3378288,4.04643,Others
ROAM Token,roam,0.123635,36880251,10306322,-0.11667,Others
Crypto Trading Fund,ctf,0.306776,36782418,613.21,-0.36258,Others
Peapods Finance,peas,3.7,36766038,398830,0.87104,Others
PinLink,pin,0.45893,36735628,1240029,-2.31672,Others
MIU,miu,4.0676e-8,36608473,90691,5.61758,Others
Sai,sai,13.62,36530017,685.72,2.97352,Others
LandWolf,wolf,0.00004042,36469673,2566557,2.91599,Others
Cudos,cudos,0.00491279,36262274,11.35,3.66861,Others
Uquid Coin,uqc,3.62,36164738,178525,1.85228,Others
Supra,supra,0.00241172,36160749,4869686,20.19126,Others
Snowbank,sb,226.45,36145960,68.48,2.01013,Others
Alephium,alph,0.312358,36145337,291164,-0.02928,Others
MEOW,meow,0.00040138,36113344,92931,-3.01583,Others
Bedrock BTC,brbtc,105725,36110061,0,0,Others
Celium,sn51,26.86,36085088,954084,2.84392,Others
Binance-Peg DAI,dai,1,35999049,431279,-0.02332,Others
TokenFi,token,0.01350968,35908509,5761853,3.99138,Others
Plume USD,pusd,0.999415,35896506,519998,-0.01325,Others
Storj,storj,0.249131,35825247,6678022,2.85916,Others
Parcl,prcl,0.087653,35812639,11425409,8.6256,Others
Hive Dollar,hbd,1.028,35707946,2049.66,2.80737,Others
BitMEX,bmex,0.357933,35705375,113230,0.3554,Others
My Neighbor Alice,alice,0.387846,35701323,5403755,4.46039,Others
Lista DAO,lista,0.206515,35669454,5707421,2.26657,Others
Origin Token,ogn,0.050956,35659925,3697984,1.45979,Others
Celo Dollar,cusd,0.99966,35542270,1201806,0.07731,Others
Nobody Sausage,nobody,0.03795894,35534124,2041122,12.62474,Others
Tornado Cash,torn,9.31,35468725,811170,0.98752,Others
Coinmetro,xcm,0.116997,35364511,194319,-8.77439,Others
Resolv,resolv,0.144075,35284757,15414684,1.99434,Others
PolySwarm,nct,0.0185499,34975878,1632579,-1.31521,Others
SaaSGo,saas,0.04371326,34970606,358841,-1.42806,Others
PYTHIA,pythia,0.03494813,34931647,1891679,1.24116,Others
Startup,startup,0.0352332,34858799,3114139,-16.42313,Others
cUSDC,cusdc,0.02495963,34793554,89.08,-0.00577,Others
AxonDAO Governance Token,axgt,0.077046,34713450,183126,0.55296,Others
ThunderCore,tt,0.00280607,34713299,708846,-2.12663,Others
Mavryk Network,mvrk,0.115614,34684148,11.56,0,Others
Siren,siren,0.04719425,34510726,5069272,2.77545,Others
OpenServ,serv,0.050707,34474945,378306,9.41691,Others
AUKI,auki,0.01529854,34439457,87719,6.93079,Others
ynETH MAX,ynethx,2722.41,34081497,1073.15,2.73815,Others
Big Dog Fink,bink,0.00022802,33983351,765.3,3.18284,Others
AVA (Travala),ava,0.493446,33964007,3280566,2.5188,Others
Slerf,slerf,0.067944,33921241,3223641,4.30056,Others
Ampleforth,ampl,1.24,33808389,121772,3.33502,Others
PepeCoin,pepecoin,0.361776,33735573,611068,7.60002,Others
AIntivirus,ainti,0.0337323,33728677,0,0,Others
RSS3,rss3,0.04179907,33695209,3493350,2.7478,Others
Ecoin,ecoin,0.00007304,33678030,3,0,Others
APX,apx,0.076733,33351021,622441,1.54156,Others
Milady Meme Coin,ladys,3.7465e-8,33299529,4090830,2.31628,Others
Usual ETH,eth0,2594.86,33297896,25.95,3.06788,Others
TruFin Staked MATIC,trumatic,0.201906,33276444,253.78,1.06929,Others
TokenPocket Token,tpt,0.00959978,33271567,189792,-3.4464,Others
BOBO Coin,bobo,5.01269e-7,33248865,2168455,5.85292,Others
Open Campus,edu,0.127472,33157446,3113828,2.37875,Others
Ava AI,ava,0.03309296,33086473,5587365,6.38412,Others
Targon,sn4,19.93,33075920,312736,2.21199,Others
BounceBit,bb,0.080488,32958208,3963907,1.29876,Others
KoKoK The Roach,kokok,0.164474,32804740,3921714,11.79411,Others
XT Stablecoin XTUSD,xtusd,0.999672,32789288,2035864,-0.14755,Others
Hex Trust USD,usdx,0.999821,32730431,4482.14,0.07596,Others
Nym,nym,0.04021288,32702930,1079076,0.19454,Others
MNEE USD Stablecoin,mnee,0.998673,32654514,69296,-0.11745,Others
Coq Inu,coq,4.69137e-7,32565744,2719126,1.44815,Others
Cloud,cloud,0.098058,32425510,2593537,-5.64343,Others
TrueFi,tru,0.02436664,32423094,7224958,2.93846,Others
StandX DUSD,dusd,1,32356758,62799,0.01513,Others
Coinshift USDC,csusdc,1.03,32274923,0,-0.00715,Others
AGI ALPHA AGENT,agialpha,0.03225712,32167677,251175,24.06786,Others
Law Blocks,lbt,0.130783,32041671,306244,0.13004,Others
VeraOne,vro,109.69,32001294,35246,2.28843,Others
Defiway,defi,0.317178,31717752,1.16,0.01482,Others
Fusionist,ace,0.483658,31716364,3336614,4.72175,Others
Everybody,hold,0.00114358,31712101,204140,11.752,Others
ANyONe Protocol,anyone,0.398366,31702938,193539,1.22549,Others
Thala APT,thapt,4.48,31696256,8423.22,2.17876,Others
CargoX,cxo,0.18929,31644911,5526.54,0.60285,Others
Orchid Protocol,oxt,0.053432,31608897,2116654,2.09403,Others
zkSync Bridged USDC (zkSync),usdc,0.999766,31449714,691958,-0.01282,Others
Tree,tree,0.309911,31416769,116101,10.91366,Others
Suilend,send,0.444043,31347658,1231512,3.04904,Others
Dacxi,dxi,0.00090207,31131861,362013,0.32719,Others
Ancient8,a8,0.103602,31079778,3971820,-1.18523,Others
NodeAI,gpu,0.31968,31057655,5610638,1.17443,Others
ParaSwap,psp,0.0199639,31004333,208915,2.22307,Others
XION,xion,0.863389,30790040,5929557,2.38843,Others
Gearbox,gear,0.00307335,30745711,1094803,-1.99521,Others
Radworks,rad,0.616719,30725736,6483807,1.84145,Others
Wojak,wojak,0.00044153,30695972,1398964,8.32911,Others
Hegic,hegic,0.02846422,30672993,101305,-0.06935,Others
Zeus Network zBTC,zbtc,109321,30610697,493758,1.13589,Others
Bit2Me,b2m,0.01030419,30579047,51528,-2.38931,Others
Slash Vision Labs,svl,0.00617697,30557447,1299363,9.21339,Others
IXS,ixs,0.169515,30517387,125596,-5.0436,Others
LOFI,lofi,0.03010226,30430581,1234327,-0.26807,Others
Gamebitcoin Power,pwr,0.02780868,30413769,48977,0,Others
Mr. Miggles,miggles,0.03153019,30384798,2745956,6.90055,Others
Aquarius,aqua,0.00087085,30369458,103004,3.10394,Others
sDOLA,sdola,1.14,30278672,3843.07,0.049,Others
Layer3,l3,0.04578461,30150938,5476359,-2.67352,Others
Bridged Tether (Rainbow Bridge),usdt.e,1,30135069,334387,-0.0074,Others
IKUN,ikun,0.03010451,30101509,14860081,69.78544,Others
Stader MaticX,maticx,0.214641,29997697,164126,1.66004,Others
Elastos,ela,1.31,29972470,185722,1.30478,Others
Spark,spk,0.0318207,29950437,19563412,2.64596,Others
Kyros Restaked SOL,kysol,185.65,29843359,151408,3.46903,Others
MESSIER,m87,0.0000337,29821720,746355,0.7024,Others
MAGICâ€¢INTERNETâ€¢MONEY (Bitcoin),mim,0.001415,29791363,543124,1.88252,Others
Vine,vine,0.02959035,29594458,19085782,2.84663,Others
DAO Maker,dao,0.117674,29549023,1703482,0.72262,Others
Myria,myria,0.00104437,29508363,1416817,2.24536,Others
Aster Staked USDF,asusdf,1.023,29460214,3276.9,-0.07715,Others
ELYSIA,el,0.00430318,29246037,1002837,0.26417,Others
Kujira,kuji,0.23905,29245878,12064.96,9.63124,Others
Puffer,puffer,0.165467,29134890,11609081,0.91373,Others
Wayfinder,prompt,0.130155,29042679,52936018,8.33416,Others
OHO Blockchain,oho,0.00120253,29033560,141652,1.13281,Others
Lorenzo Protocol,bank,0.068265,29015531,11832844,1.93273,Others
Acala,aca,0.02475134,28852595,2964526,4.1894,Others
Firmachain,fct,0.02814308,28693031,381114,-0.29198,Others
Bridged USD Coin (StarkGate),usdc,0.999873,28669128,569966,0.00258,Others
Gems VIP,gems,0.062045,28434026,3707912,-6.45763,Others
Build On BNB,bob,6.7526e-8,28380054,5928654,-0.37584,Others
tao.bot,taobot,0.353574,28300794,34442,8.86375,Others
Shardus,ult,0.064363,28292487,3.11,2.27293,Others
Syscoin,sys,0.03430405,28234256,1588971,4.37488,Others
BakerySwap,bake,0.097256,28083987,5809301,-2.23328,Others
Alpha Quark,aqt,1.04,27957293,4211975,1.70623,Others
MAP Protocol,mapo,0.00472354,27946936,2557229,-11.92969,Others
Hypurr Fun,hfun,28.05,27944796,167204,0.6832,Others
sETH,seth,2397.5,27766572,922.9,2.07132,Others
Verse World,verse,0.27663,27711396,3967169,12.99439,Others
VitaDAO,vita,1.093,27705812,1366368,4.34478,Others
Mossland,moc,0.064193,27698561,829142,-1.34844,Others
MetaMUI,mmui,0.057945,27596836,268197,0.86439,Others
Novem Gold Token,nnn,129.87,27516451,57661,0,Others
AI Rig Complex,arc,0.02750801,27505713,5016906,3.0528,Others
NEURALAI,neural,2.74,27415588,96134,3.3328,Others
SaucerSwap,sauce,0.03280153,27413488,93856,3.88842,Others
MAI,mimatic,0.994133,27402298,8355.96,0.02384,Others
Zerebro,zerebro,0.02735007,27360885,6605037,4.46674,Others
stake.link,sdl,0.470734,27318143,22502,-2.95795,Others
Maverick Protocol,mav,0.04156203,27300643,8886509,0.69231,Others
Ankr Staked ETH,ankreth,3109.65,27292645,6231.57,2.71409,Others
Thought,tht,0.051358,27280219,44049,5.87879,Others
Quai Network,quai,0.054477,27270719,2397478,-1.41261,Others
International Meme Fund,imf,0.873012,27243636,257346,-2.93166,Others
The Arena,arena,0.01025495,27229916,124669,2.82109,Others
LimeWire,lmwr,0.078072,27191798,1143316,-1.38163,Others
Automata,ata,0.04607862,27084919,3017451,2.29236,Others
Groestlcoin,grs,0.306127,26974900,2302414,-1.0238,Others
Pirate Chain,arrr,0.137129,26906357,190900,-1.96601,Others
Bedrock,br,0.128062,26896490,308136031,0.03383,Others
McDull (Meme),mcdull,0.00000302,26868387,19332.03,3.67885,Others
Strike,strike,1.48,26733125,188390,3.24981,Others
Staked Frax USD,sfrxusd,1.14,26666558,17314.35,0.05682,Others
Ampleforth Governance,forth,2.31,26491622,1845510,2.95842,Others
Pangolin,png,0.120198,26487514,576488,2.73157,Others
NetMind Token,nmt,0.527715,26421986,1692863,0.03911,Others
NFPrompt,nfp,0.05584,26406960,3213403,4.11813,Others
SOON,soon,0.141098,26347045,34697492,3.01188,Others
Bluefin,blue,0.085919,26240107,3746035,2.07834,Others
Zora,zora,0.00832858,26235717,19168486,3.28279,Others
dForce,df,0.02622903,26219990,5645304,-3.98428,Others
Pixels,pixel,0.03396232,26208079,10931776,3.55328,Others
A Hunters Dream,caw,4.1132e-8,26187302,607463,2.18162,Others
Hooked Protocol,hook,0.096811,26139366,10215648,-0.0667,Others
Zeta,zex,0.137931,25899240,1935216,-4.43348,Others
ORIGYN,ogy,0.00296808,25867070,301926,2.60732,Others
DUSK,dusk,0.051664,25827813,3450229,3.30963,Others
cDAI,cdai,0.02466162,25809099,38.64,0.00167,Others
Advertise Coin,adco,0.569561,25645546,8360.07,2.73244,Others
Beincom,bic,0.01437513,25619892,3862.34,2.03969,Others
Aegis YUSD,yusd,1.001,25565634,279221,-0.01844,Others
Elixir,elx,0.098492,25537577,6027949,0.42787,Others
WibeGram,wibe,1.25,25522083,93032,-1.03379,Others
Sceptre Staked FLR,sflr,0.02463522,25466832,136456,0.07539,Others
REVOX,rex,0.01256402,25404991,3214578,7.57993,Others